cohort,feature,estimate,std_error,t_stat,p_value,n,df_resid,fdr
GSE10588,HALLMARK_HYPOXIA,1.3328929269969723,0.23733116185268607,5.616173268575295,1.5188438328880848e-06,43,41,1.3669594495992762e-05
GSE10588,CURATED_ANTIANGIOGENIC_VASCULAR_STRESS,1.060699913808237,0.26873182495665626,3.947057308821972,0.0003034201518038235,43,41,0.0013653906831172058
GSE10588,CURATED_PROANGIOGENIC_SUPPORT,0.8288083218584442,0.2879299379675093,2.878506930224008,0.006320533552981445,43,41,0.018961600658944335
GSE10588,CURATED_EXTRAVILLOUS_TROPHOBLAST_INVASION,0.440672637274989,0.3080932895397281,1.430322088265298,0.16020190197662634,43,41,0.36045427944740926
GSE10588,HALLMARK_ANGIOGENESIS,-0.17266373918931763,0.3145325638982198,-0.5489534598560364,0.5860147939425479,43,41,0.9534228506955438
GSE10588,HALLMARK_INFLAMMATORY_RESPONSE,0.10789226979818145,0.3152363460533796,0.34225834409307565,0.7339048364500844,43,41,0.9534228506955438
GSE10588,HALLMARK_EPITHELIAL_MESENCHYMAL_TRANSITION,0.07535795440959463,0.3154669024959491,0.23887752982442365,0.812390584453261,43,41,0.9534228506955438
GSE10588,HALLMARK_TNF_ALPHA_SIGNALING_VIA_NF_KB,-0.048691926052904067,0.31559475199723286,-0.15428623494135604,0.8781410286636474,43,41,0.9534228506955438
GSE10588,CURATED_ENDOTHELIAL_NO_SIGNALING,-0.018551295710888902,0.31567305949414604,-0.05876743406807233,0.9534228506955439,43,41,0.9534228506955438
